{
  "hash": "eec04e29",
  "configHash": "941c34d9",
  "lockfileHash": "2b81c4fa",
  "browserHash": "7ef764d0",
  "optimized": {
    "@angular/core": {
      "src": "../../../../../node_modules/@angular/core/fesm2022/core.mjs",
      "file": "@angular_core.js",
      "fileHash": "9e72101b",
      "needsInterop": false
    },
    "@angular/forms": {
      "src": "../../../../../node_modules/@angular/forms/fesm2022/forms.mjs",
      "file": "@angular_forms.js",
      "fileHash": "e4779e50",
      "needsInterop": false
    },
    "@angular/material/icon": {
      "src": "../../../../../node_modules/@angular/material/fesm2022/icon.mjs",
      "file": "@angular_material_icon.js",
      "fileHash": "b026ea5f",
      "needsInterop": false
    },
    "@angular/platform-browser": {
      "src": "../../../../../node_modules/@angular/platform-browser/fesm2022/platform-browser.mjs",
      "file": "@angular_platform-browser.js",
      "fileHash": "87d4bb2b",
      "needsInterop": false
    },
    "@angular/platform-browser/animations/async": {
      "src": "../../../../../node_modules/@angular/platform-browser/fesm2022/animations/async.mjs",
      "file": "@angular_platform-browser_animations_async.js",
      "fileHash": "201a7d55",
      "needsInterop": false
    },
    "@angular/router": {
      "src": "../../../../../node_modules/@angular/router/fesm2022/router.mjs",
      "file": "@angular_router.js",
      "fileHash": "e0dc4a8f",
      "needsInterop": false
    },
    "rxjs": {
      "src": "../../../../../node_modules/rxjs/dist/esm5/index.js",
      "file": "rxjs.js",
      "fileHash": "a2a1b521",
      "needsInterop": false
    },
    "@angular/material/snack-bar": {
      "src": "../../../../../node_modules/@angular/material/fesm2022/snack-bar.mjs",
      "file": "@angular_material_snack-bar.js",
      "fileHash": "b4acc575",
      "needsInterop": false
    }
  },
  "chunks": {
    "browser-YMMO5VXF": {
      "file": "browser-YMMO5VXF.js"
    },
    "chunk-VGTMKWL2": {
      "file": "chunk-VGTMKWL2.js"
    },
    "chunk-EU3FGLHA": {
      "file": "chunk-EU3FGLHA.js"
    },
    "chunk-HKCZN6L3": {
      "file": "chunk-HKCZN6L3.js"
    },
    "chunk-I76S3ICT": {
      "file": "chunk-I76S3ICT.js"
    },
    "chunk-MUPCDZEB": {
      "file": "chunk-MUPCDZEB.js"
    },
    "chunk-SXIXOCJ4": {
      "file": "chunk-SXIXOCJ4.js"
    }
  }
}